Zipcode,Address,Population,Median Age,Household Income,Per Capita Income
15081,"South Heights, PA 15081, USA",342,50.2,31500,22177
20615,"Broomes Island, MD 20615, USA",424,43.4,114375,43920
50201,"Nevada, IA 50201, USA",8139,40.4,56619,28908
84020,"Draper, UT 84020, USA",42751,30.4,89922,33164
39097,"Louise, MS 39097, USA",495,58,26838,17399
72315,"Blytheville, AR 72315, USA",24120,34.4,37044,19837
5454,"Fairfax, VT 05454, USA",4754,38.7,74911,31192
53816,"Mt Hope, WI 53816, USA",942,33.4,44375,18813
5483,"Sheldon, VT 05483, USA",1481,35.9,65039,24743
37345,"Huntland, TN 37345, USA",2155,46,38688,20549
1922,"Byfield, MA 01922, USA",3025,44.4,109301,40983
95237,"Lockeford, CA 95237, USA",3269,38.7,44542,22400
12429,"Esopus, NY 12429, USA",273,38.7,114129,43122
6516,"West Haven, CT 06516, USA",55349,36.9,52353,26602
81087,"Vilas, CO 81087, USA",192,26.8,34500,13210
5492,"Waterville, VT 05492, USA",727,41,53315,23399
2543,"Woods Hole, MA 02543, USA",736,49.7,66250,50348
6062,"Plainville, CT 06062, USA",17767,42.4,60630,32531
95008,"Campbell, CA 95008, USA",45187,37.3,87204,44023
4418,"Greenbush, ME 04418, USA",1632,42,37955,19692
96818,"Honolulu, HI 96818, USA",51522,31.3,70850,26894
87734,"Ocate, NM 87734, USA",190,60.4,42813,19060
30564,"Murrayville, GA 30564, USA",3714,40.5,64213,23422
23146,"Rockville, VA 23146, USA",3107,47,77207,37414
85250,"Scottsdale, AZ 85250, USA",16653,48.6,59358,39968
59529,"Hogeland, MT 59529, USA",143,57.2,115938,70966
1430,"Ashburnham, MA 01430, USA",6119,42.4,83532,34454
90003,"Los Angeles, CA 90003, USA",66200,26.2,29686,9963
93925,"Chualar, CA 93925, USA",1708,32.5,70909,23642
54229,"New Franken, WI 54229, USA",4123,40.4,68667,29538
77378,"Willis, TX 77378, USA",14151,34.7,48136,24117
17938,"Hegins, PA 17938, USA",2489,42.7,58409,23520
65332,"Green Ridge, MO 65332, USA",1656,40.3,40511,18929
624,"Peñuelas, 00624, Puerto Rico",25340,34.2,14768,6761
35956,"Boaz, AL 35956, USA",8716,40,46844,19615
44093,"Williamsfield, OH 44093, USA",1104,37.8,32344,20559
12156,"Schodack Landing, NY 12156, USA",933,40.5,64107,31616
14113,"North Java, NY 14113, USA",630,45.6,47500,33149
17774,"Unityville, PA 17774, USA",1261,35.7,45795,20033
36736,"Dixons Mills, AL 36736, USA",1756,42.3,28333,17708
37727,"Del Rio, TN 37727, USA",2101,49.8,29779,20369
12759,"Loch Sheldrake, NY 12759, USA",2033,30.1,37902,13996
25669,"Crum, WV 25669, USA",908,44,35302,16972
63039,"Gray Summit, MO 63039, USA",1297,31.7,44521,18539
22025,"Dumfries, VA 22025, USA",16955,40,115000,48008
24083,"Daleville, VA 24083, USA",2277,46.4,91295,47678
10303,"Staten Island, NY 10303, USA",24537,31.1,51537,22077
28436,"Delco, NC 28436, USA",2170,37.9,45417,22077
79345,"Meadow, TX 79345, USA",968,41.1,53281,22971
33029,"Hollywood, FL 33029, USA",47086,36.6,88264,30976
8872,"Sayreville, NJ 08872, USA",20041,37.7,72956,32666
24281,"Rose Hill, VA 24281, USA",2691,37.6,22902,15557
14555,"Sodus Point, NY 14555, USA",1229,54.9,57500,30559
44629,"Gnadenhutten, OH 44629, USA",2707,35.9,43545,19101
47591,"Vincennes, IN 47591, USA",26995,37.1,40815,20681
20886,"Montgomery Village, MD 20886, USA",34023,34,77136,35177
22191,"Woodbridge, VA 22191, USA",61863,30.9,79198,31401
10309,"Staten Island, NY 10309, USA",32646,38.5,86297,35719
32683,"Otter Creek, FL 32683, USA",337,45.9,36563,13575
16029,"East Butler, PA 16029, USA",647,40,41875,22128
76135,"Fort Worth, TX 76135, USA",20550,39.8,52945,27715
93954,"San Lucas, CA 93954, USA",222,31.8,39167,12520
12942,"Keene, NY 12942, USA",724,44.4,42188,24003
61062,"Pearl City, IL 61062, USA",1964,40.7,60000,26087
4357,"Richmond, ME 04357, USA",3393,43.4,59961,26571
52560,"Floris, IA 52560, USA",483,44.6,53472,21979
87528,"Dulce, NM 87528, USA",3405,29,39725,16182
60565,"Naperville, IL 60565, USA",40864,40.8,113581,45408
6422,"Durham, CT 06422, USA",7380,42.5,124179,47679
35801,"Huntsville, AL 35801, USA",22253,44,59352,41807
6444,"Marion, CT 06444, USA",134,29.7,103636,22178
37398,"Winchester, TN 37398, USA",13589,45.6,43330,24562
58647,"New England, ND 58647, USA",1156,47,49375,26557
67849,"Hanston, KS 67849, USA",486,43,63214,26015
31771,"Norman Park, GA 31771, USA",6207,32.9,33524,17690
55396,"Winthrop, MN 55396, USA",2231,41.8,48919,23296
92543,"Hemet, CA 92543, USA",34406,36.5,26909,14425
89316,"Eureka, NV 89316, USA",1513,38.7,63603,26280
99661,"Sand Point, AK 99661, USA",1243,39.6,71250,27423
55735,"Finlayson, MN 55735, USA",1802,49,40592,23097
80831,"Peyton, CO 80831, USA",22256,35,81000,31028
20634,"Great Mills, MD 20634, USA",6562,31.9,79944,35961
59846,"Huson, MT 59846, USA",1148,58.5,52891,26606
77039,"Houston, TX 77039, USA",28151,27.2,38167,12255
8340,"Milmay, NJ 08340, USA",716,42,100250,39030
44143,"Cleveland, OH 44143, USA",24044,48.5,60265,34714
48191,"Willis, MI 48191, USA",3736,41.8,72204,25659
5301,"Guilford, VT 05301, USA",16819,44.1,49552,28510
82327,"Hanna, WY 82327, USA",792,39.8,34531,22759
55433,"Minneapolis, MN 55433, USA",34024,36.3,59258,27493
84093,"Sandy, UT 84093, USA",23237,41,94938,40837
44313,"Akron, OH 44313, USA",24611,41,48852,31436
58331,"Egeland, ND 58331, USA",116,53.5,69792,51149
38858,"Nettleton, MS 38858, USA",7392,39.1,38586,18655
77336,"Huffman, TX 77336, USA",12022,36,62995,30721
38339,"Guys, TN 38339, USA",574,40.5,44500,21109
5156,"Springfield, VT 05156, USA",9529,43.6,48872,25574
73014,"Calumet, OK 73014, USA",1642,39.8,58264,26515
54120,"Fence, WI 54120, USA",111,53.5,31250,19959
13640,"Wellesley Island, NY 13640, USA",241,62.8,88125,48388
59542,"Turner, MT 59542, USA",262,34,33214,17982
10553,"Mt Vernon, NY 10553, USA",9895,40.7,58514,26137
43758,"Malta, OH 43758, USA",3517,39.5,43438,19770
52320,"Olin, IA 52320, USA",1109,46.6,59167,29853
45646,"Latham, OH 45646, USA",361,41.3,82604,28220
36688,"Mobile, AL 36688, USA",545,20.1,,3086
74456,"Preston, OK 74456, USA",231,30.6,27750,16345
59802,"Missoula, MT 59802, USA",19292,33,37931,25060
25571,"West Hamlin, WV 25571, USA",2371,43.7,36650,16769
56358,"Ogilvie, MN 56358, USA",3353,41.2,49091,20779
6069,"Sharon, CT 06069, USA",2440,57,73958,54815
15206,"Pittsburgh, PA 15206, USA",29098,36.6,33792,27733
33496,"Boca Raton, FL 33496, USA",22354,54.2,83138,64715
37764,"Kodak, TN 37764, USA",9241,41.1,46102,22642
61013,"Cedarville, IL 61013, USA",488,50.2,55000,27283
15937,"Jerome, PA 15937, USA",601,45.7,65000,24503
27249,"Gibsonville, NC 27249, USA",12596,42.1,50095,25651
76556,"Milano, TX 76556, USA",1392,50.7,39375,21201
46236,"Indianapolis, IN 46236, USA",27509,40.3,80833,38140
29170,"West Columbia, SC 29170, USA",21101,36.8,56415,25261
49893,"Wallace, MI 49893, USA",2008,47.9,59696,27882
63014,"Berger, MO 63014, USA",467,48.4,32188,19712
79021,"Cotton Center, TX 79021, USA",104,26.5,56250,17961
44251,"Westfield Center, OH 44251, USA",905,52.6,73021,47881
79118,"Amarillo, TX 79118, USA",20026,34.6,62323,25783
46704,"Arcola, IN 46704, USA",194,35.4,31089,13796
93605,"Big Creek, CA 93605, USA",243,49.2,84375,34293
22066,"Great Falls, VA 22066, USA",19475,43.5,214219,89776
43804,"Baltic, OH 43804, USA",3750,25.4,36841,12923
78414,"Corpus Christi, TX 78414, USA",33033,34,75971,33464
71405,"Ball, LA 71405, USA",5687,35.8,55242,23941
11385,"Ridgewood, NY 11385, USA",99379,35,50799,23272
83830,"Fernwood, ID 83830, USA",929,42.7,37244,16450
12010,"Amsterdam, NY 12010, USA",28802,41.7,44256,25059
37191,"Woodlawn, TN 37191, USA",4226,39.3,63393,28185
72039,"Damascus, AR 72039, USA",2402,40.8,33857,19838
96783,"Pepeekeo, HI 96783, USA",2149,40.4,31705,17613
57658,"Wakpala, SD 57658, USA",329,33.5,15833,7979
73673,"Willow, OK 73673, USA",352,53.6,40234,26554
63935,"Doniphan, MO 63935, USA",9863,42.5,31208,16144
73951,"Tyrone, OK 73951, USA",1085,28.7,43125,16762
49036,"Coldwater, MI 49036, USA",23706,41.6,42635,21336
47434,"Harrodsburg, IN 47434, USA",115,52.5,,21634
37336,"Georgetown, TN 37336, USA",4864,44.4,48066,22370
86507,"Lukachukai, AZ 86507, USA",2464,24.1,22009,8346
54022,"River Falls, WI 54022, USA",21786,28.8,60016,27608
75454,"Melissa, TX 75454, USA",5800,31.7,87125,29919
38152,"Memphis, TN 38152, USA",818,19.8,,2691
82934,"Granger, WY 82934, USA",239,33.1,32450,13016
28529,"Grantsboro, NC 28529, USA",2653,45.1,41858,20985
74643,"Lamont, OK 74643, USA",453,39.5,43214,22991
2056,"Norfolk, MA 02056, USA",11274,42.5,134104,43630
52533,"Batavia, IA 52533, USA",1626,42.6,49938,21050
45005,"Franklin, OH 45005, USA",29997,40.5,52016,24292
97146,"Warrenton, OR 97146, USA",5795,40.1,41192,23133
17946,"Lost Creek, PA 17946, USA",215,62.1,15469,10440
95240,"Lodi, CA 95240, USA",46482,33.1,41172,19814
53156,"Palmyra, WI 53156, USA",3054,42.4,53600,25161
46323,"Hammond, IN 46323, USA",22561,34.6,45478,19994
36858,"Hatchechubbee, AL 36858, USA",540,37.4,71563,25395
99506,"Joint Base Elmendorf-Richardson, AK 99506, USA",7499,22,60753,19565
50002,"Adair, IA 50002, USA",1338,41.3,40550,23974
15656,"Leechburg, PA 15656, USA",10208,43.9,47658,25820
49781,"St Ignace, MI 49781, USA",4303,44.2,39838,23000
46524,"Etna Green, IN 46524, USA",2541,32,60033,19849
31405,"Savannah, GA 31405, USA",37016,34.6,43051,23719
42031,"Clinton, KY 42031, USA",3251,49.1,32123,18442
71331,"Effie, LA 71331, USA",841,34.3,37109,18372
21750,"Hancock, MD 21750, USA",3999,38.6,47857,21608
8234,"Egg Harbor Township, NJ 08234, USA",42491,39.3,71316,29387
25699,"Wilsondale, WV 25699, USA",119,42,11875,6104
55342,"Hector, MN 55342, USA",2065,42.2,55982,26832
63128,"St. Louis, MO 63128, USA",29973,49.1,73440,39328
10984,"Thiells, NY 10984, USA",3317,42.5,112016,39093
57219,"Bristol, SD 57219, USA",727,50.1,57574,22913
44276,"Sterling, OH 44276, USA",1879,40.2,52330,24753
2740,"New Bedford, MA 02740, USA",43308,37.4,34259,20649
78742,"Austin, TX 78742, USA",810,33.6,19688,15485
76031,"Cleburne, TX 76031, USA",17360,36.1,46714,20226
57005,"Brandon, SD 57005, USA",10610,34.6,69690,27832
84116,"Salt Lake City, UT 84116, USA",33574,29.2,42235,15888
62330,"Dallas City, IL 62330, USA",1852,39.5,39271,20130
49415,"Fruitport, MI 49415, USA",6260,44.3,51587,26853
59453,"Judith Gap, MT 59453, USA",337,42.4,38750,20918
5261,"Pownal, VT 05261, USA",2835,45,56667,25144
19023,"Darby, PA 19023, USA",22710,30.2,38790,18351
5736,"Center Rutland, VT 05736, USA",788,48.4,56313,36613
84072,"Tabiona, UT 84072, USA",529,30.3,48654,18735
38844,"Gattman, MS 38844, USA",153,58.9,36071,20537
27822,"Elm City, NC 27822, USA",8082,43.6,46250,21943
37080,"Joelton, TN 37080, USA",7962,44.3,61824,25231
92310,"Fort Irwin, CA 92310, USA",9049,22.7,49778,19066
26807,"Franklin, WV 26807, USA",2886,45.6,36550,20860
75783,"Quitman, TX 75783, USA",7486,45.1,40322,23210
19057,"Levittown, PA 19057, USA",18171,38,62863,25069
23219,"Richmond, VA 23219, USA",3284,25.4,19231,24403
30666,"Statham, GA 30666, USA",9287,37.3,53627,23167
53936,"Grand Marsh, WI 53936, USA",2555,37.3,44583,13364
83638,"McCall, ID 83638, USA",5876,43.3,53850,26119
68947,"Hildreth, NE 68947, USA",622,45.5,56250,33158
25559,"Salt Rock, WV 25559, USA",2105,41.9,55120,22464
99102,"Albion, WA 99102, USA",519,35.4,43977,23766
63304,"St Charles, MO 63304, USA",40094,39.8,85329,35568
13637,"Evans Mills, NY 13637, USA",4270,28.4,55104,23870
44147,"Broadview Heights, OH 44147, USA",19331,42.1,76021,37217
47367,"Oakville, IN 47367, USA",123,39.8,41250,16255
71957,"Mt Ida, AR 71957, USA",3004,54.9,35445,21459
55802,"Duluth, MN 55802, USA",2212,59.5,24674,31860
21053,"Freeland, MD 21053, USA",3227,45.5,90361,36118
28076,"Henrietta, NC 28076, USA",1060,30,25221,9871
53588,"Spring Green, WI 53588, USA",3831,44.8,58086,29862
49234,"Clarklake, MI 49234, USA",2665,47.3,58250,30245
92285,"Landers, CA 92285, USA",2739,50.1,22917,17840
7082,"Towaco, NJ 07082, USA",5107,45.9,129432,59216
49098,"Watervliet, MI 49098, USA",6388,37,42237,18480
63138,"St. Louis, MO 63138, USA",20863,30.3,33691,17488
75942,"Doucette, TX 75942, USA",289,38.1,43512,15008
2802,"Albion, RI 02802, USA",919,37.2,48456,42134
95490,"Willits, CA 95490, USA",12158,46.9,38394,22551
71340,"Harrisonburg, LA 71340, USA",1612,33.7,30560,19909
60622,"Chicago, IL 60622, USA",54272,31.1,68923,43393
28454,"Maple Hill, NC 28454, USA",1813,42.6,20711,13553
58503,"Bismarck, ND 58503, USA",27196,37.3,81341,38377
33025,"Hollywood, FL 33025, USA",57766,32.9,51822,23660
87583,"Villanueva, NM 87583, USA",115,60.4,4955,5947
43050,"Mt Vernon, OH 43050, USA",28612,41.9,42576,23495
25414,"Charles Town, WV 25414, USA",17147,40.1,72833,32308
7718,"Belford, NJ 07718, USA",6143,40.5,87398,36267
46996,"Winamac, IN 46996, USA",7358,40.1,45412,20784
57078,"Yankton, SD 57078, USA",18894,40.7,50660,27293
56726,"Greenbush, MN 56726, USA",1582,42.2,52235,27445
52133,"Castalia, IA 52133, USA",625,40.3,66333,26065
6019,"Canton, CT 06019, USA",10249,45.1,88281,44781
93545,"Lone Pine, CA 93545, USA",2214,40.6,32473,18444
97711,"Ashwood, OR 97711, USA",123,34.5,27188,12480
3064,"Nashua, NH 03064, USA",14533,40.6,64026,34045
8540,"Princeton, NJ 08540, USA",47316,37.5,125439,61810
60091,"Wilmette, IL 60091, USA",27268,43.8,129551,67089
61929,"Hammond, IL 61929, USA",652,45.7,47891,23964
92252,"Joshua Tree, CA 92252, USA",10047,45,42338,22951
22102,"McLean, VA 22102, USA",22146,40.2,112427,82461
13827,"Owego, NY 13827, USA",11795,44.2,56025,28315
757,"Santa Isabel, 00757, Puerto Rico",23231,34.3,18033,9412
68147,"Bellevue, NE 68147, USA",10339,33,53997,22024
27826,"Fairfield, NC 27826, USA",963,49.4,38362,16651
63951,"Lowndes, MO 63951, USA",219,48.8,47768,20417
3077,"Raymond, NH 03077, USA",10218,39.5,61488,27774
76599,"Gatesville, TX 76599, USA",1480,35,,8815
38870,"Smithville, MS 38870, USA",2559,40.8,53443,22094
13312,"Brantingham, NY 13312, USA",320,56.1,41250,30699
21901,"North East, MD 21901, USA",16786,37.3,65951,29821
30120,"Cartersville, GA 30120, USA",37250,35.9,44141,20678
34209,"Bradenton, FL 34209, USA",33008,54.1,51572,28711
22027,"Dunn Loring, VA 22027, USA",2567,44.9,187768,61580
27262,"High Point, NC 27262, USA",24635,38.5,39867,22889
93428,"Cambria, CA 93428, USA",6393,58.4,59813,40682
47431,"Freedom, IN 47431, USA",1268,35.6,37500,19556
28782,"Tryon, NC 28782, USA",6662,56.9,46713,28377
59743,"Melrose, MT 59743, USA",159,57.4,39293,27250
12941,"Jay, NY 12941, USA",1374,44.6,72361,40100
85262,"Scottsdale, AZ 85262, USA",11034,54.4,125884,80227
33614,"Tampa, FL 33614, USA",48125,35.5,35098,18039
56371,"Roscoe, MN 56371, USA",132,52.1,51250,26395
55419,"Minneapolis, MN 55419, USA",26808,36.8,94177,49251
72007,"Austin, AR 72007, USA",6065,34.7,53125,21845
48221,"Detroit, MI 48221, USA",39455,39.6,38588,20123
49639,"Hersey, MI 49639, USA",2617,40.7,41570,17687
57429,"Brentford, SD 57429, USA",109,36.1,40000,20763
46617,"South Bend, IN 46617, USA",9947,33,48726,27706
41763,"Slemp, KY 41763, USA",645,41.6,36827,16535
47232,"Elizabethtown, IN 47232, USA",3280,37.4,60128,21838
23055,"Fork Union, VA 23055, USA",936,48,59648,21737
50433,"Dougherty, IA 50433, USA",206,45.4,55781,41122
18237,"McAdoo, PA 18237, USA",3848,39.1,42140,20172
49048,"Kalamazoo, MI 49048, USA",25434,34.9,41443,20479
57725,"Caputa, SD 57725, USA",110,66.6,57841,21549
32409,"Panama City, FL 32409, USA",8635,41.4,50461,24300
57315,"Avon, SD 57315, USA",1141,40.3,44813,21359
27288,"Eden, NC 27288, USA",23445,42.5,33800,18470
98591,"Toledo, WA 98591, USA",3837,49,50488,24795
12804,"Queensbury, NY 12804, USA",26308,44.6,60152,32970
18473,"White Mills, PA 18473, USA",432,41.8,50052,27326
92392,"Victorville, CA 92392, USA",54557,27.9,58667,19090
68930,"Blue Hill, NE 68930, USA",1430,44.7,44643,22939
66052,"Linwood, KS 66052, USA",2021,42.8,57848,27076
4010,"Brownfield, ME 04010, USA",1336,47.6,45592,25609
41073,"Bellevue, KY 41073, USA",5810,37.7,53396,26881
98362,"Port Angeles, WA 98362, USA",22052,47.5,43827,25914
25165,"Racine, WV 25165, USA",451,41.1,49886,24418
56453,"Hewitt, MN 56453, USA",855,41,50089,21875
24137,"Penhook, VA 24137, USA",2893,46.3,54979,30491
66507,"Maple Hill, KS 66507, USA",1237,31.8,67500,23114
49874,"Powers, MI 49874, USA",1208,46.9,35729,19398
59752,"Three Forks, MT 59752, USA",3236,44,51176,25177
37923,"Knoxville, TN 37923, USA",27624,37,53893,30167
44305,"Akron, OH 44305, USA",21899,37.6,36944,18868
23602,"Newport News, VA 23602, USA",39925,36.7,61343,30030
23440,"Tangier, VA 23440, USA",483,55.7,40833,20990
22834,"Linville, VA 22834, USA",1092,38.6,40357,30224
79416,"Lubbock, TX 79416, USA",32772,26.2,45937,23645
49616,"Benzonia, MI 49616, USA",1884,45.7,39145,18568
25431,"Levels, WV 25431, USA",219,50.5,31161,21822
40769,"Williamsburg, KY 40769, USA",18135,36.9,27221,14298
69130,"Cozad, NE 69130, USA",5411,41.6,46899,21825
92843,"Garden Grove, CA 92843, USA",44351,33.3,51991,17186
98051,"Ravensdale, WA 98051, USA",3852,42.3,77623,32555
48468,"Port Hope, MI 48468, USA",1440,55.2,38882,22710
10007,"New York, NY 10007, USA",6525,34,216037,157713
90302,"Inglewood, CA 90302, USA",30502,32.4,43042,21718
38487,"Williamsport, TN 38487, USA",762,41.6,38125,18884
13635,"Edwards, NY 13635, USA",837,46,33194,21320
97229,"Portland, OR 97229, USA",59983,37.8,100063,44657
2382,"Whitman, MA 02382, USA",14567,39.1,72462,32541
7606,"South Hackensack, NJ 07606, USA",2371,39.4,68750,33300
50543,"Gowrie, IA 50543, USA",1562,44.5,44583,23616
14033,"Colden, NY 14033, USA",2170,44.3,81979,32764
13495,"Yorkville, NY 13495, USA",2168,38.4,48576,24413
12723,"Callicoon, NY 12723, USA",2196,43.2,58102,25249
28349,"Kenansville, NC 28349, USA",4277,38.3,39057,15572
97396,"Willamina, OR 97396, USA",2827,44.3,36848,18929
42025,"Benton, KY 42025, USA",19744,43.2,42310,21348
53118,"Dousman, WI 53118, USA",7248,46.9,81619,38393
55060,"Owatonna, MN 55060, USA",28884,39.4,54945,27727
71825,"Blevins, AR 71825, USA",686,32.6,35625,13098
71353,"Melville, LA 71353, USA",1646,43.4,26719,19660
50525,"Clarion, IA 50525, USA",3491,42.2,39200,25499
57021,"Davis, SD 57021, USA",395,34.5,81875,28762
12831,"Gansevoort, NY 12831, USA",17644,40.3,71393,33481
25442,"Shenandoah Junction, WV 25442, USA",1734,35,73949,31249
28395,"Wade, NC 28395, USA",1953,39.5,39813,23319
3448,"Gilsum, NH 03448, USA",662,50.8,45417,26556
66088,"Valley Falls, KS 66088, USA",2579,42.8,50667,25268
49411,"Free Soil, MI 49411, USA",1523,47.1,44450,25531
79705,"Midland, TX 79705, USA",32784,36.8,68649,38947
74066,"Sapulpa, OK 74066, USA",31116,38.9,44675,22844
41046,"Glencoe, KY 41046, USA",1991,24,37585,13209
7724,"Eatontown, NJ 07724, USA",21758,41.7,78064,39958
41649,"Martin, KY 41649, USA",3004,41.4,25458,15356
55435,"Minneapolis, MN 55435, USA",12286,46.9,56213,47347
13402,"Madison, NY 13402, USA",1587,46.4,43387,19660
8324,"Heislerville, NJ 08324, USA",670,42.5,67772,28069
3276,"Tilton, NH 03276, USA",8394,41.9,58449,25690
69163,"Stapleton, NE 69163, USA",828,50.4,45481,25348
64480,"Rea, MO 64480, USA",325,57.5,65000,34670
90210,"Beverly Hills, CA 90210, USA",21548,46.4,132254,111364
72401,"Jonesboro, AR 72401, USA",55197,31.6,34819,20130
41540,"Lick Creek, KY 41540, USA",235,40.2,62672,24235
57568,"Presho, SD 57568, USA",647,45.2,51700,28055
29113,"Norway, SC 29113, USA",2176,32.1,36875,13381
25401,"Martinsburg, WV 25401, USA",14987,34.7,36600,21158
13326,"Cooperstown, NY 13326, USA",5456,50.4,57375,35094
61604,"Peoria, IL 61604, USA",31427,36.8,40630,21137
32535,"Century, FL 32535, USA",6015,37.8,34107,13066
3048,"Greenville, NH 03048, USA",3513,43.6,62321,28864
55976,"Stewartville, MN 55976, USA",7480,37.5,53616,26641
23665,"Hampton, VA 23665, USA",5593,22.2,52313,18789
28226,"Charlotte, NC 28226, USA",37412,41.1,68291,48777
76310,"Wichita Falls, TX 76310, USA",18492,37.2,63646,27924
12456,"Mt Marion, NY 12456, USA",707,37.5,48993,17639
73743,"Hillsdale, OK 73743, USA",132,42.5,50000,24770
2169,"Quincy, MA 02169, USA",55064,38.1,58669,32613
23228,"Henrico, VA 23228, USA",33844,35.1,44224,23998
35907,"Gadsden, AL 35907, USA",8339,40.7,70147,26791
8859,"Parlin, NJ 08859, USA",21594,38.9,79835,35353
64639,"De Witt, MO 64639, USA",257,48.9,57917,25446
18914,"Chalfont, PA 18914, USA",21694,39.4,101522,40247
11693,"Far Rockaway, NY 11693, USA",11335,39.1,50570,25149
58494,"Wing, ND 58494, USA",357,42.2,48500,29216
62025,"Edwardsville, IL 62025, USA",33736,35.2,72877,34115
64625,"Breckenridge, MO 64625, USA",549,43.7,36250,20795
17737,"Hughesville, PA 17737, USA",5881,42.3,51007,24229
58466,"Marion, ND 58466, USA",509,44.5,69844,36981
45897,"Williamstown, OH 45897, USA",155,45.3,,8999
20143,"Catharpin, VA 20143, USA",1081,42.8,139938,51051
22642,"Linden, VA 22642, USA",3912,37.1,76198,28685
52217,"Clutier, IA 52217, USA",447,47.8,40625,22426
36370,"Pansey, AL 36370, USA",929,43.9,44018,21152
42762,"Millwood, KY 42762, USA",531,42.3,30500,15664
35005,"Adamsville, AL 35005, USA",8150,38.2,46059,21273
2145,"Somerville, MA 02145, USA",24659,33,55487,29355
83841,"Laclede, ID 83841, USA",171,60.8,26618,23912
93637,"Madera, CA 93637, USA",40515,29.5,48974,17449
84118,"Salt Lake City, UT 84118, USA",67019,30.4,61203,19777
37737,"Friendsville, TN 37737, USA",5464,45.7,54405,29839
60421,"Elwood, IL 60421, USA",3960,40.1,70485,30466
38229,"Gleason, TN 38229, USA",2948,43.5,36800,19886
62449,"Oblong, IL 62449, USA",2971,41.5,46765,25332
30152,"Kennesaw, GA 30152, USA",41689,36.7,74559,35046
55069,"Rush City, MN 55069, USA",5450,37.7,54203,20182
61606,"Peoria, IL 61606, USA",7989,21.9,35904,17917
65017,"Brumley, MO 65017, USA",1580,44.2,42083,19123
69347,"Hay Springs, NE 69347, USA",1113,52.6,40250,23501
35475,"Northport, AL 35475, USA",14315,33.9,69924,28117
72722,"Decatur, AR 72722, USA",3171,37.7,37198,16971
34744,"Kissimmee, FL 34744, USA",44675,36.2,45589,19455
17051,"Mcveytown, PA 17051, USA",4693,42.6,43234,19984
28618,"Deep Gap, NC 28618, USA",1871,44.3,41929,23581
70748,"Jackson, LA 70748, USA",6440,43,41489,17350
47952,"Kingman, IN 47952, USA",2685,45.5,37232,20271
78214,"San Antonio, TX 78214, USA",23611,33.6,27222,13595
19372,"Thorndale, PA 19372, USA",1536,35.3,75347,44586
52362,"Wyoming, IA 52362, USA",670,49.1,38359,27973
45684,"Stout, OH 45684, USA",1862,40.8,47517,18795
80545,"Red Feather Lakes, CO 80545, USA",629,61.5,40583,30261
72036,"Cotton Plant, AR 72036, USA",757,47,22361,13850
13335,"Edmeston, NY 13335, USA",1721,41.4,52083,22636
27283,"Julian, NC 27283, USA",3124,43.4,52015,27215
692,"Vega Alta, 00692, Puerto Rico",37618,35,18500,9273
49269,"Parma, MI 49269, USA",5954,43,48185,24291
72856,"Sand Gap, AR 72856, USA",528,52.1,31016,24773
41835,"McRoberts, KY 41835, USA",967,50.9,43690,19524
47003,"West College Corner, IN 47003, USA",1029,41,39519,19997
14304,"Niagara Falls, NY 14304, USA",29745,44.7,47878,25791
12148,"Rexford, NY 12148, USA",4322,44.2,107540,44237
37067,"Franklin, TN 37067, USA",23391,37.6,95155,45675
71046,"Keatchie, LA 71046, USA",1491,37.9,41825,23280
91207,"Glendale, CA 91207, USA",10435,45.6,91005,47259
83313,"Bellevue, ID 83313, USA",3609,35.4,45168,23296
38049,"Mason, TN 38049, USA",4572,36.2,32386,24972
94539,"Fremont, CA 94539, USA",51494,41.2,143949,50701
54747,"Independence, WI 54747, USA",2583,39,41755,22124
60437,"Kinsman, IL 60437, USA",157,49.8,36563,23715
57785,"Sturgis, SD 57785, USA",9276,45.9,38638,24036
60137,"Glen Ellyn, IL 60137, USA",38384,41.1,89386,47759
58259,"Michigan, ND 58259, USA",384,54.1,48295,31803
13068,"Freeville, NY 13068, USA",5693,44,66480,30384
68317,"Bennet, NE 68317, USA",1531,40.4,79063,30851
6377,"Sterling, CT 06377, USA",2787,38.5,71509,28464
76525,"Evant, TX 76525, USA",1113,44.9,42750,21032
82932,"Farson, WY 82932, USA",1032,35.9,91115,40005
54524,"Fifield, WI 54524, USA",743,44.7,43047,24178
75149,"Mesquite, TX 75149, USA",58427,31.8,47739,19636
25427,"Hedgesville, WV 25427, USA",12630,42.9,54619,27919
45036,"Lebanon, OH 45036, USA",38476,36.9,68633,27591
28635,"Hays, NC 28635, USA",3920,35.6,30565,14292
63566,"Winigan, MO 63566, USA",118,38.9,34107,15108
34224,"Englewood, FL 34224, USA",15432,60.1,39645,24929
75640,"Diana, TX 75640, USA",4052,42.8,54423,22459
85383,"Peoria, AZ 85383, USA",38400,36.7,101526,37735
60018,"Des Plaines, IL 60018, USA",28749,39.9,54688,25289
21061,"Glen Burnie, MD 21061, USA",53491,36,60430,29841
47436,"Heltonville, IN 47436, USA",1557,42.5,42042,18000
77520,"Baytown, TX 77520, USA",37735,32.1,43409,18650
44867,"Republic, OH 44867, USA",2294,42.1,59268,27746
8854,"Piscataway Township, NJ 08854, USA",56874,33.2,91164,32262
19944,"Fenwick Island, DE 19944, USA",551,63.7,62000,56948
97016,"Clatskanie, OR 97016, USA",6714,45.6,57153,25154
73560,"Olustee, OK 73560, USA",609,26.9,28942,17101
98012,"Bothell, WA 98012, USA",52351,37.2,88283,39165
44510,"Youngstown, OH 44510, USA",2543,35.5,13917,9907
10803,"Pelham, NY 10803, USA",12439,39.7,140000,73808
61270,"Morrison, IL 61270, USA",7159,45.2,54206,27990
60645,"Chicago, IL 60645, USA",46913,35,48918,25500
47932,"Covington, IN 47932, USA",5381,42.5,53462,26981
72079,"Jefferson, AR 72079, USA",766,44.2,34375,20873
65729,"Pontiac, MO 65729, USA",337,54.1,67350,32609
14715,"Bolivar, NY 14715, USA",2763,40.2,45030,22257
48469,"Port Sanilac, MI 48469, USA",1175,56.4,44438,25798
18223,"Ebervale, PA 18223, USA",122,43.7,49458,37056
39180,"Vicksburg, MS 39180, USA",33827,37.1,40661,21209
97022,"Eagle Creek, OR 97022, USA",3208,43.9,66927,24343
79764,"Odessa, TX 79764, USA",20868,34.2,50556,21883
88353,"Vaughn, NM 88353, USA",534,26.9,30179,12829
67351,"Liberty, KS 67351, USA",587,48.1,84250,30635
88321,"Encino, NM 88321, USA",117,57.4,27054,31962
73771,"Wakita, OK 73771, USA",450,48.9,45536,27035
98270,"Marysville, WA 98270, USA",46105,35.2,65130,26833
730,"Ponce, 00730, Puerto Rico",37931,37,16259,9768
63038,"Glencoe, MO 63038, USA",6631,45.5,106513,54149
32064,"Live Oak, FL 32064, USA",6841,34.4,24090,14169
77880,"Washington, TX 77880, USA",1637,48.8,38672,25386
69101,"North Platte, NE 69101, USA",29745,38.4,45156,25867
17263,"State Line, PA 17263, USA",597,47,63430,37458
58075,"Wahpeton, ND 58075, USA",9028,35.9,51179,27588
76638,"Crawford, TX 76638, USA",3083,41.2,77679,36692
32025,"Lake City, FL 32025, USA",23341,35.2,39916,17493
28371,"Parkton, NC 28371, USA",6628,33.6,43365,18333
48084,"Troy, MI 48084, USA",14689,37,84331,44055
6801,"Bethel, CT 06801, USA",18911,40.9,85884,38941
91405,"Van Nuys, CA 91405, USA",54435,32,38847,17645
33559,"Lutz, FL 33559, USA",16952,34.4,55643,27345
95051,"Santa Clara, CA 95051, USA",53152,36.1,100504,43487
26205,"Craigsville, WV 26205, USA",3079,41.8,32128,16382
51448,"Kiron, IA 51448, USA",653,40.8,44219,22819
76377,"Petrolia, TX 76377, USA",787,41.3,48750,22710
40060,"Raywick, KY 40060, USA",1115,44.2,40813,18390
57004,"Beresford, SD 57004, USA",3563,39.7,53958,25930
28208,"Charlotte, NC 28208, USA",34474,32.9,28435,14056
26574,"Grant Town, WV 26574, USA",553,40.9,44038,21078
4107,"Cape Elizabeth, ME 04107, USA",8993,48.4,98629,53526
30601,"Athens, GA 30601, USA",21349,26,20884,13402
42366,"Philpot, KY 42366, USA",5847,43.2,63170,26182
71834,"Doddridge, AR 71834, USA",1385,53.3,39821,23159
54733,"Dallas, WI 54733, USA",1305,41.3,50809,23292
42456,"Slaughters, KY 42456, USA",1438,39.6,47930,21130
65733,"Protem, MO 65733, USA",653,51.3,33618,16655
23832,"Chesterfield, VA 23832, USA",32263,37.2,75942,31379
44273,"Seville, OH 44273, USA",6704,44.5,65368,30043
12464,"Phoenicia, NY 12464, USA",935,58.1,49911,37118
55063,"Pine City, MN 55063, USA",9171,43.2,47556,22709
17018,"Dauphin, PA 17018, USA",4175,47.1,58438,32552
17214,"Blue Ridge Summit, PA 17214, USA",1158,44.7,52112,29722
76706,"Waco, TX 76706, USA",36055,22.6,26398,14613
14855,"Jasper, NY 14855, USA",988,29.3,43750,15913
12789,"Woodridge, NY 12789, USA",1887,37.5,51827,23318
66614,"Topeka, KS 66614, USA",31709,38.8,53673,30118
27549,"Louisburg, NC 27549, USA",24784,40.3,36969,20001
49112,"Edwardsburg, MI 49112, USA",10253,39.5,49712,21768
57075,"Wentworth, SD 57075, USA",791,52.9,49375,39309
15018,"Buena Vista, PA 15018, USA",668,44.1,50588,20773
72833,"Danville, AR 72833, USA",4297,36.7,41512,17870
72347,"Hickory Ridge, AR 72347, USA",689,45.3,31471,19479
3104,"Manchester, NH 03104, USA",33145,37.6,60468,32130
97721,"Princeton, OR 97721, USA",610,30.7,27321,11412
98358,"Nordland, WA 98358, USA",1237,51.6,51146,28010
28663,"Piney Creek, NC 28663, USA",709,39.6,36000,20294
11220,"Brooklyn, NY 11220, USA",103089,32.4,37580,16263
99753,"Koyuk, AK 99753, USA",279,19.9,28333,8987
50315,"Des Moines, IA 50315, USA",35873,34.4,41793,20989
1585,"West Brookfield, MA 01585, USA",4646,45.7,62667,31262
16636,"Dysart, PA 16636, USA",801,47.6,42303,21236
957,"Bayamón, 00957, Puerto Rico",46252,37.1,23736,11453
12769,"Phillipsport, NY 12769, USA",142,50.2,48750,29437
77328,"Cleveland, TX 77328, USA",15666,34,48250,19670
30236,"Jonesboro, GA 30236, USA",44082,33.9,40107,21374
1527,"Millbury, MA 01527, USA",13264,43,71832,32329
54151,"Niagara, WI 54151, USA",3376,45.7,45813,23500
37101,"McEwen, TN 37101, USA",6388,41.1,50398,21198
71031,"Goldonna, LA 71031, USA",1012,49.8,44250,20250
27358,"Summerfield, NC 27358, USA",14998,43,88382,40210
1469,"Townsend, MA 01469, USA",7044,40.4,78985,34037
67835,"Cimarron, KS 67835, USA",3105,33.4,52188,22510
43030,"Jacksontown, OH 43030, USA",180,54,,27844
29001,"Alcolu, SC 29001, USA",1954,36.9,33205,17998
32187,"San Mateo, FL 32187, USA",1996,46.5,30300,18933
85353,"Tolleson, AZ 85353, USA",32308,26.7,50066,16046
56343,"Kensington, MN 56343, USA",930,42.4,48417,24153
67661,"Phillipsburg, KS 67661, USA",3352,45.4,40882,23569
98394,"Vaughn, WA 98394, USA",1567,39.1,57941,24595
88337,"La Luz, NM 88337, USA",2487,48.1,46996,23700
97321,"Albany, OR 97321, USA",24852,41.1,60271,27961
54458,"Nelsonville, WI 54458, USA",150,36.5,56389,20718
98101,"Seattle, WA 98101, USA",10643,43,42938,61716
14411,"Albion, NY 14411, USA",14257,39.9,42967,18461
67839,"Dighton, KS 67839, USA",1251,46.8,49773,30282
78351,"Driscoll, TX 78351, USA",564,37,36985,16011
67047,"Fall River, KS 67047, USA",754,52.1,39500,20428
68005,"Bellevue, NE 68005, USA",24163,34.2,53794,25101
17327,"Glen Rock, PA 17327, USA",8190,46.7,67791,32177
98106,"Seattle, WA 98106, USA",23855,35.3,57875,27922
98409,"Tacoma, WA 98409, USA",23423,31.4,46886,21513
48416,"Brown City, MI 48416, USA",4986,38.6,43397,20143
97633,"Merrill, OR 97633, USA",1416,36.3,40742,18448
31007,"Byromville, GA 31007, USA",1105,41.8,29417,14202
99737,"Delta Junction, AK 99737, USA",4964,33.5,71250,32842
38224,"Cottage Grove, TN 38224, USA",1044,39.2,36932,19238
79778,"Rankin, TX 79778, USA",900,44.6,61806,28706
62063,"Medora, IL 62063, USA",1056,41.3,54074,25781
17097,"Wiconisco, PA 17097, USA",746,44.6,49904,25655
76950,"Sonora, TX 76950, USA",4069,35.5,53500,27732
65243,"Clark, MO 65243, USA",3176,29.3,55885,16802
97366,"Newport, OR 97366, USA",1301,58.8,53135,36010
16930,"Liberty, PA 16930, USA",1348,41,44934,20611
4637,"Grand Lake Stream, ME 04637, USA",123,65.4,31125,33564
49080,"Plainwell, MI 49080, USA",15624,40.9,53743,25048
83122,"Grover, WY 83122, USA",469,36.1,83333,28556
29834,"Langley, SC 29834, USA",1344,38.9,32375,16178
61067,"Ridott, IL 61067, USA",645,49.6,40726,37925
27541,"Hurdle Mills, NC 27541, USA",4295,45.1,56346,27996
57369,"Platte, SD 57369, USA",2344,47.7,46196,23758
59820,"Alberton, MT 59820, USA",1241,47.2,45956,26394
60433,"Joliet, IL 60433, USA",17220,35.4,43644,18967
43157,"Thurston, OH 43157, USA",606,32.6,27614,13239
36619,"Mobile, AL 36619, USA",15405,37.9,55962,24392
97389,"Tangent, OR 97389, USA",1576,36.5,46250,21717
62673,"Oakford, IL 62673, USA",697,35.9,60179,19800
69334,"Bayard, NE 69334, USA",2305,46.5,43575,21241
52141,"Elgin, IA 52141, USA",1390,42.5,39679,21960
18519,"Scranton, PA 18519, USA",4838,41.6,38990,24672
74956,"Shady Point, OK 74956, USA",2269,36.4,40652,18796
41564,"Sidney, KY 41564, USA",1312,34.3,41806,16302
59522,"Chester, MT 59522, USA",1784,49.2,43036,25407
56289,"Sunburg, MN 56289, USA",671,47.7,57159,26149
28697,"Wilkesboro, NC 28697, USA",12899,42.9,39945,25458
48386,"White Lake, MI 48386, USA",18081,42.9,74321,33301
78004,"Bergheim, TX 78004, USA",1397,44.7,124592,41737
78941,"Flatonia, TX 78941, USA",2754,45.7,40304,23115
58369,"St John, ND 58369, USA",1306,38.9,29375,17469
94040,"Mountain View, CA 94040, USA",33852,35.7,99375,54558
6883,"Weston, CT 06883, USA",10261,42.5,207262,90552
33129,"Miami, FL 33129, USA",14198,38.9,54127,41352
6824,"Fairfield, CT 06824, USA",34864,38.5,128558,60182
18042,"Easton, PA 18042, USA",41921,35.2,45441,23227
11722,"Central Islip, NY 11722, USA",38241,33.1,67023,21935
16153,"Stoneboro, PA 16153, USA",2686,44.6,50714,22506
51433,"Auburn, IA 51433, USA",582,48.3,47500,22422
78611,"Burnet, TX 78611, USA",13226,44.6,48409,23381
96084,"Round Mountain, CA 96084, USA",593,55,31897,23506
77434,"Eagle Lake, TX 77434, USA",4701,34.2,35105,16735
62613,"Athens, IL 62613, USA",3774,37.8,60284,28806
76943,"Ozona, TX 76943, USA",3719,40,49643,22163
5053,"North Pomfret, VT 05053, USA",331,56.1,70227,39193
62373,"Sutter, IL 62373, USA",314,42.2,58382,22406
78565,"Los Ebanos, TX 78565, USA",216,41.3,8611,5960
17980,"Tower City, PA 17980, USA",2963,45.3,50240,24934
77031,"Houston, TX 77031, USA",18079,30.5,39278,17932
14131,"Ransomville, NY 14131, USA",4756,47.9,57500,27970
11105,"New York, NY 11105, USA",36190,35.3,57525,33537
54822,"Cameron, WI 54822, USA",4585,39.9,48598,22565
87029,"Lindrith, NM 87029, USA",218,54.4,29265,28152
36558,"Millry, AL 36558, USA",3946,42.1,42500,21410
35117,"Mt Olive, AL 35117, USA",5550,37.5,72500,29385
30177,"Tate, GA 30177, USA",1369,35.9,33866,15101
25865,"Lester, WV 25865, USA",1368,38.8,65163,25341
53576,"Orfordville, WI 53576, USA",2452,37.9,55893,22504
77373,"Spring, TX 77373, USA",55927,32.4,67742,25921
55346,"Eden Prairie, MN 55346, USA",16405,40.8,100775,46370
85743,"Tucson, AZ 85743, USA",28858,41.2,69577,32411
83849,"Osburn, ID 83849, USA",1780,49,37946,22393
27317,"Randleman, NC 27317, USA",16383,40.5,42295,22432
49058,"Hastings, MI 49058, USA",19031,40.8,46777,22137
29468,"Pineville, SC 29468, USA",1768,43.8,19663,28526
72434,"Imboden, AR 72434, USA",1857,37.2,30625,16411
27043,"Pinnacle, NC 27043, USA",6225,46,48410,24449
16699,"Cresson, PA 16699, USA",820,34.7,,4506
25253,"Letart, WV 25253, USA",2118,38.9,40245,18032
30268,"Palmetto, GA 30268, USA",9736,32.7,47421,22939
54979,"Van Dyne, WI 54979, USA",1400,42.9,65313,26566
30309,"Atlanta, GA 30309, USA",21074,35,71854,66311
47393,"Williamsburg, IN 47393, USA",1823,40.4,53698,18472
85611,"Elgin, AZ 85611, USA",963,53.1,50441,23419
14806,"Andover, NY 14806, USA",2161,41.6,49792,22379
75457,"Mt Vernon, TX 75457, USA",6116,40.7,39909,26517
80482,"Winter Park, CO 80482, USA",1151,46.5,61000,39984
62340,"Griggsville, IL 62340, USA",1569,43.8,38036,20380
24843,"Hensley, WV 24843, USA",140,60.4,20673,14761
48659,"Sterling, MI 48659, USA",2781,43.1,44315,19879
83634,"Kuna, ID 83634, USA",25875,31,59221,16711
12450,"Lanesville, NY 12450, USA",204,58.7,22200,20052
42717,"Burkesville, KY 42717, USA",6711,43.4,30985,16875
97875,"Stanfield, OR 97875, USA",2707,36,55478,22277
8002,"Cherry Hill, NJ 08002, USA",22025,39.7,68465,34026
25111,"Indore, WV 25111, USA",723,43.4,36417,15064
27853,"Margarettsville, NC 27853, USA",659,42.8,25966,11178
27298,"Liberty, NC 27298, USA",8969,45.4,43097,23966
4268,"Norway, ME 04268, USA",4999,49.2,38629,21431
33542,"Zephyrhills, FL 33542, USA",21178,54.2,32174,20291
31547,"Kings Bay Base, GA 31547, USA",952,22,45238,24428
14807,"Arkport, NY 14807, USA",3088,48,45821,23042
62633,"Easton, IL 62633, USA",690,50.3,56250,27852
48851,"Lyons, MI 48851, USA",2493,36.5,53704,22288
92111,"San Diego, CA 92111, USA",47271,35.9,57350,27391
37743,"Greeneville, TN 37743, USA",26696,44.8,34855,19552
16870,"Port Matilda, PA 16870, USA",6735,39.1,84808,37320
2717,"East Freetown, MA 02717, USA",4356,42.8,81150,32987
74438,"Hitchita, OK 74438, USA",265,31.6,46875,14888
67530,"Great Bend, KS 67530, USA",19576,39.1,43352,26179
56529,"Dilworth, MN 56529, USA",4047,32.2,46116,21554
26202,"Fenwick, WV 26202, USA",762,42.1,49205,17950
46312,"East Chicago, IN 46312, USA",29584,29.8,27583,13497
10913,"Blauvelt, NY 10913, USA",5175,41.8,122857,46193
63030,"Fletcher, MO 63030, USA",315,41,49441,22871
78072,"Tilden, TX 78072, USA",570,41.2,42083,21532
53018,"Delafield, WI 53018, USA",8120,43.3,94873,42783
23389,"Harborton, VA 23389, USA",136,73.3,,13575
45780,"The Plains, OH 45780, USA",3351,41,33892,17139
79703,"Midland, TX 79703, USA",21214,30.5,57842,23946
19076,"Prospect Park, PA 19076, USA",6606,36.2,67727,26908
28732,"Fletcher, NC 28732, USA",15406,40.6,45273,26177
85553,"Tonto Basin, AZ 85553, USA",1441,64.6,36442,28245
44708,"Canton, OH 44708, USA",25341,42.8,44731,26042
52315,"Newhall, IA 52315, USA",958,42.4,61750,27831
32444,"Lynn Haven, FL 32444, USA",19205,40.2,61233,28643
60468,"Peotone, IL 60468, USA",5847,41.5,75000,30813
85233,"Gilbert, AZ 85233, USA",39027,34.7,75365,32900
76373,"Oklaunion, TX 76373, USA",281,36.4,45948,15359
64081,"Lee's Summit, MO 64081, USA",23549,41.3,76684,35039
45328,"Gettysburg, OH 45328, USA",692,30.4,43750,14939
68723,"Carroll, NE 68723, USA",513,51.2,59000,25617
4622,"Cherryfield, ME 04622, USA",1480,40.8,40104,20084
51049,"Quimby, IA 51049, USA",476,47.9,47847,22334
77807,"Bryan, TX 77807, USA",10882,30.2,42154,19089
60305,"River Forest, IL 60305, USA",11183,41.4,113317,62034
47670,"Princeton, IN 47670, USA",12140,39.5,45915,23971
78885,"Vanderpool, TX 78885, USA",106,55.5,80417,38706
7603,"Bogota, NJ 07603, USA",8231,38.7,77821,31670
84764,"Bryce, UT 84764, USA",163,27,38750,19698
72680,"Timbo, AR 72680, USA",769,46.6,28750,23495
85606,"Cochise, AZ 85606, USA",1426,53.4,27406,17731
78122,"Leesville, TX 78122, USA",200,56.6,30610,20433
5658,"Marshfield, VT 05658, USA",1505,41.6,43958,22443
16665,"Newry, PA 16665, USA",291,43.3,27188,19095
95246,"Mountain Ranch, CA 95246, USA",1207,52.8,47379,29646
94556,"Moraga, CA 94556, USA",15064,47.4,120960,62600
35951,"Albertville, AL 35951, USA",12839,35.7,37210,19602
47967,"New Richmond, IN 47967, USA",924,35.5,53462,19191
57105,"Sioux Falls, SD 57105, USA",21984,38.2,52255,30000
64455,"Graham, MO 64455, USA",315,50.6,43542,25407
24887,"Switchback, WV 24887, USA",125,14.8,,4526
47926,"Burnettsville, IN 47926, USA",932,35.9,50469,20121
36701,"Selma, AL 36701, USA",22605,39.4,32136,20992
59087,"Winnett, MT 59087, USA",506,48.3,41250,22816
22952,"Lyndhurst, VA 22952, USA",2088,46.3,43095,23158
59201,"Wolf Point, MT 59201, USA",5193,30.8,42699,17624
92115,"San Diego, CA 92115, USA",61084,27.5,41866,21011
28327,"Carthage, NC 28327, USA",15333,40.6,51609,23841
38504,"Allardt, TN 38504, USA",1167,38.6,46786,19634
